{
   "dashboards": [{
      "autoswitchEnabled": false,
      "columnCount": 1,
      "columnProportion": "1-1",
      "creationTime": 1617648332471,
      "dashboardNavigations": {},
      "description": "",
      "disabled": false,
      "gridsterMaxColumns": 12,
      "hidden": false,
      "homeTab": false,
      "id": "a7a31081-d415-4220-a370-2683af045eb1",
      "importAttempts": 0,
      "importComplete": true,
      "lastUpdateTime": 1617654663076,
      "lastUpdateUserId": "287ed085-c6ca-4255-b69c-956f1665ed51",
      "locked": false,
      "name": "Custom Dashboards/NetApp FAS & AFF Aggregate Details",
      "namePath": "Custom Dashboards",
      "rank": 0,
      "shared": false,
      "states": [{
         "key": "permDashboardTime_dashboard_a7a31081-d415-4220-a370-2683af045eb1",
         "value": "o%3AdateRange%3Ds%253Alast7Days%5EdateRangeText%3Ds%253A7D"
      }],
      "temporary": false,
      "userId": "287ed085-c6ca-4255-b69c-956f1665ed51",
      "widgetInteractions": [
         {
            "type": "resourceId",
            "widgetIdProvider": "1dfde0ea-c540-4843-8a09-225b2365f8a3",
            "widgetIdReceiver": "6b58b8c8-d3cb-41ed-a37f-1f9c3e0f5fb4"
         },
         {
            "type": "resourceId",
            "widgetIdProvider": "1dfde0ea-c540-4843-8a09-225b2365f8a3",
            "widgetIdReceiver": "ef202674-a348-4685-8c57-a2ede5a822f7"
         },
         {
            "type": "resourceId",
            "widgetIdProvider": "1dfde0ea-c540-4843-8a09-225b2365f8a3",
            "widgetIdReceiver": "db511789-5a22-42a2-a760-bbe54a4c7d4b"
         },
         {
            "type": "resourceId",
            "widgetIdProvider": "1dfde0ea-c540-4843-8a09-225b2365f8a3",
            "widgetIdReceiver": "044ee2a5-f7aa-441f-b06b-93e116ed814b"
         },
         {
            "type": "resourceId",
            "widgetIdProvider": "1dfde0ea-c540-4843-8a09-225b2365f8a3",
            "widgetIdReceiver": "2ed0b69f-73ed-4011-abe3-4d75e750c110"
         },
         {
            "type": "resourceId",
            "widgetIdProvider": "1dfde0ea-c540-4843-8a09-225b2365f8a3",
            "widgetIdReceiver": "f0274f8a-7e73-44ee-aba7-5a39814c6192"
         }
      ],
      "widgets": [
         {
            "collapsed": false,
            "config": {
               "chartViewItems": [],
               "isUpdatedView": true,
               "refreshContent": {"refreshContent": true},
               "refreshInterval": 300,
               "resource": {
                  "id": "Ext.vcops.chrome.model.Resource-3",
                  "resourceId": "resource:id:0_::_",
                  "resourceKindId": "002018NETAPPOCUM_ADAPTERnetapp_ocum_bm_exuno_netappocum_node",
                  "resourceName": "fas3240c-01",
                  "traversalSpecId": "NetApp OCUM-NETAPPOCUM_ADAPTER-netapp_ocum_bm_exuno_netappocum_cluster"
               },
               "selectFirstRow": {"selectFirstRow": false},
               "selfProvider": {"selfProvider": true},
               "title": "NetApp FAS/AFF Aggregates",
               "traversalSpecId": null,
               "viewDefinitionId": "183bba6d-6900-4734-a459-fff6fda4c38e"
            },
            "gridsterCoords": {
               "h": 5,
               "w": 4,
               "x": 1,
               "y": 1
            },
            "height": 267,
            "id": "1dfde0ea-c540-4843-8a09-225b2365f8a3",
            "title": "NetApp FAS/AFF Aggregates",
            "type": "View"
         },
         {
            "collapsed": false,
            "config": {
               "boxColumns": 3,
               "boxHeight": null,
               "customFilter": {
                  "excludedResources": null,
                  "filter": [],
                  "includedResources": null
               },
               "depth": 1,
               "labelSize": 16,
               "maxCellCount": 100,
               "metric": {
                  "mode": "resourceKind",
                  "resourceKindMetrics": [
                     {
                        "colorMethod": 1,
                        "handleOldColoring": false,
                        "id": "extModel15107-1",
                        "isStringMetric": false,
                        "label": "Health",
                        "link": "",
                        "metricKey": "badge|health",
                        "metricName": "Badge|Health",
                        "metricUnitId": -1,
                        "orangeBound": null,
                        "redBound": null,
                        "resourceKindId": "resourceKind:id:0_::_",
                        "resourceKindName": "NetApp OCUM Aggregate",
                        "unit": "Auto",
                        "yellowBound": null
                     },
                     {
                        "colorMethod": 0,
                        "handleOldColoring": false,
                        "id": "extModel6283-1",
                        "isStringMetric": true,
                        "label": "State",
                        "link": "",
                        "metricKey": "Status|state",
                        "metricName": "Status|State",
                        "metricUnitId": null,
                        "orangeBound": "restricted",
                        "redBound": "offline",
                        "resourceKindId": "resourceKind:id:0_::_",
                        "resourceKindName": "NetApp OCUM Aggregate",
                        "unit": "",
                        "yellowBound": "?"
                     },
                     {
                        "colorMethod": 0,
                        "handleOldColoring": false,
                        "id": "extModel6283-2",
                        "isStringMetric": true,
                        "label": "Status",
                        "link": "",
                        "metricKey": "Status|status",
                        "metricName": "Status|Status",
                        "metricUnitId": null,
                        "orangeBound": "DEGRADED",
                        "redBound": "ERROR",
                        "resourceKindId": "resourceKind:id:0_::_",
                        "resourceKindName": "NetApp OCUM Aggregate",
                        "unit": "",
                        "yellowBound": "?"
                     }
                  ],
                  "resourceMetrics": [],
                  "subMode": "resourceKindAll"
               },
               "mode": {"layoutMode": "fixedView"},
               "oldMetricValues": false,
               "periodLength": "dashboardTime",
               "refreshContent": {"refreshContent": true},
               "refreshInterval": 300,
               "relationshipMode": {"relationshipMode": 0},
               "resInteractionMode": null,
               "resource": [],
               "roundDecimals": null,
               "selfProvider": {"selfProvider": false},
               "showDT": {"showDT": false},
               "showMetricName": {"showMetricName": true},
               "showMetricUnit": {"showMetricUnit": true},
               "showResourceName": {"showResourceName": false},
               "showSparkline": {"showSparkline": true},
               "title": "Status Scoreboard (for selected Aggregate)",
               "valueSize": 24,
               "visualTheme": 6
            },
            "gridsterCoords": {
               "h": 4,
               "w": 4,
               "x": 1,
               "y": 6
            },
            "height": 210,
            "id": "6b58b8c8-d3cb-41ed-a37f-1f9c3e0f5fb4",
            "title": "Status Scoreboard (for selected Aggregate)",
            "type": "Scoreboard"
         },
         {
            "collapsed": false,
            "config": {
               "alertAction": [],
               "alertImpact": [],
               "criticalityLevel": [],
               "customFilter": {
                  "excludedResources": null,
                  "filter": [],
                  "includedResources": null
               },
               "depth": 1,
               "filterMode": "tagPicker",
               "mode": "all",
               "refreshContent": {"refreshContent": true},
               "refreshInterval": 300,
               "relationshipMode": {"relationshipMode": [
                  -1,
                  0
               ]},
               "resource": [],
               "selfProvider": {"selfProvider": false},
               "state": [],
               "status": [],
               "tagFilter": null,
               "title": "Alerts (for selected Aggregate)",
               "type": []
            },
            "gridsterCoords": {
               "h": 9,
               "w": 8,
               "x": 5,
               "y": 1
            },
            "height": 495,
            "id": "ef202674-a348-4685-8c57-a2ede5a822f7",
            "states": [
               {
                  "key": "permDateFilter_widget_a7a31081-d415-4220-a370-2683af045eb1_ef202674-a348-4685-8c57-a2ede5a822f7",
                  "value": "s%3A%7B%22dateRange%22%3A%22last30Days%22%2C%22dateFrom%22%3Anull%2C%22dateTo%22%3Anull%2C%22timeFrom%22%3Anull%2C%22timeTo%22%3Anull%7D"
               },
               {
                  "key": "permAlertGrid_perm_widget_a7a31081-d415-4220-a370-2683af045eb1_ef202674-a348-4685-8c57-a2ede5a822f7",
                  "value": "o%3Acolumns%3Da%253Ao%25253Aid%25253Ds%2525253Ah1%25255Ehidden%25253Db%2525253A1%25255Ewidth%25253Dn%2525253A100%255Eo%25253Aid%25253Ds%2525253Ah2%255Eo%25253Aid%25253Ds%2525253Ah3%25255Ewidth%25253Dn%2525253A729.1170654296875%255Eo%25253Aid%25253Ds%2525253Ah4%255Eo%25253Aid%25253Ds%2525253Ah5%255Eo%25253Aid%25253Ds%2525253Ah6%255Eo%25253Aid%25253Ds%2525253Ah7%25255Ehidden%25253Db%2525253A1%255Eo%25253Aid%25253Ds%2525253Ah8%25255Ehidden%25253Db%2525253A1%255Eo%25253Aid%25253Ds%2525253Ah9%25255Ehidden%25253Db%2525253A1%255Eo%25253Aid%25253Ds%2525253Ah10%25255Ehidden%25253Db%2525253A1%255Eo%25253Aid%25253Ds%2525253Ah11%25255Ehidden%25253Db%2525253A1%255Eo%25253Aid%25253Ds%2525253Ah12%25255Ehidden%25253Db%2525253A1%255Eo%25253Aid%25253Ds%2525253Ah13%25255Ehidden%25253Db%2525253A1%255Eo%25253Aid%25253Ds%2525253Ah14%25255Ehidden%25253Db%2525253A1%255Eo%25253Aid%25253Ds%2525253Ah15%25255Ehidden%25253Db%2525253A0%5EstoreState%3Do%253Asorters%253Da%25253Ao%2525253Aroot%2525253Ds%252525253Adata%2525255Eproperty%2525253Ds%252525253AstartTimeUtc%2525255Edirection%2525253Ds%252525253ADESC%2525255Eid%2525253Ds%252525253AstartTimeUtc"
               },
               {
                  "key": "permViewMode_widget_a7a31081-d415-4220-a370-2683af045eb1_ef202674-a348-4685-8c57-a2ede5a822f7",
                  "value": "s%3Atime"
               }
            ],
            "title": "Alerts (for selected Aggregate)",
            "type": "AlertList"
         },
         {
            "collapsed": false,
            "config": {
               "customFilter": {
                  "excludedResources": null,
                  "filter": [],
                  "includedResources": null
               },
               "depth": 1,
               "metric": {
                  "mode": "resourceKind",
                  "resourceKindMetrics": [{
                     "colorMethod": 2,
                     "handleOldColoring": false,
                     "id": "extModel10194-1",
                     "isStringMetric": false,
                     "metricKey": "Performance|iops",
                     "metricName": "Performance|IOPS",
                     "metricUnitId": "operationsps",
                     "orangeBound": null,
                     "redBound": null,
                     "resourceKindId": "resourceKind:id:0_::_",
                     "resourceKindName": "NetApp OCUM Aggregate",
                     "unit": "operations/s",
                     "yellowBound": null
                  }],
                  "resourceMetrics": [],
                  "subMode": "resourceKindAll"
               },
               "refreshContent": {"refreshContent": true},
               "refreshInterval": 300,
               "relationshipMode": {"relationshipMode": 0},
               "resInteractionMode": null,
               "resource": [],
               "selfProvider": {"selfProvider": false},
               "title": "IOPS (for selected Aggregate)"
            },
            "gridsterCoords": {
               "h": 5,
               "w": 4,
               "x": 1,
               "y": 10
            },
            "height": 267,
            "id": "db511789-5a22-42a2-a760-bbe54a4c7d4b",
            "states": [
               {
                  "key": "permBtn_showEntireDT_permMetricChart_widget_a7a31081-d415-4220-a370-2683af045eb1_db511789-5a22-42a2-a760-bbe54a4c7d4b",
                  "value": "b%3A1"
               },
               {
                  "key": "permBtn_thresholds_permMetricChart_widget_a7a31081-d415-4220-a370-2683af045eb1_db511789-5a22-42a2-a760-bbe54a4c7d4b",
                  "value": "b%3A0"
               },
               {
                  "key": "permBtn_dynamicThresholds_permMetricChart_widget_a7a31081-d415-4220-a370-2683af045eb1_db511789-5a22-42a2-a760-bbe54a4c7d4b",
                  "value": "b%3A0"
               },
               {
                  "key": "permBtn_zoomAllGraphs_permMetricChart_widget_a7a31081-d415-4220-a370-2683af045eb1_db511789-5a22-42a2-a760-bbe54a4c7d4b",
                  "value": "b%3A0"
               },
               {
                  "key": "permBtn_trendLine_permMetricChart_widget_a7a31081-d415-4220-a370-2683af045eb1_db511789-5a22-42a2-a760-bbe54a4c7d4b",
                  "value": "b%3A0"
               },
               {
                  "key": "permBtn_pan_permMetricChart_widget_a7a31081-d415-4220-a370-2683af045eb1_db511789-5a22-42a2-a760-bbe54a4c7d4b",
                  "value": "b%3A0"
               },
               {
                  "key": "perm_toolbarVisible_widget_a7a31081-d415-4220-a370-2683af045eb1_db511789-5a22-42a2-a760-bbe54a4c7d4b",
                  "value": "b%3A0"
               },
               {
                  "key": "permDateRange1_permMetricChart_widget_a7a31081-d415-4220-a370-2683af045eb1_db511789-5a22-42a2-a760-bbe54a4c7d4b",
                  "value": "s%3A%7B%22dateRange%22%3A%22dashboardTime%22%2C%22dateFrom%22%3Anull%2C%22dateTo%22%3Anull%2C%22timeFrom%22%3Anull%2C%22timeTo%22%3Anull%7D"
               },
               {
                  "key": "permMetricChart_widget_a7a31081-d415-4220-a370-2683af045eb1_db511789-5a22-42a2-a760-bbe54a4c7d4b",
                  "value": "o%3A"
               }
            ],
            "title": "IOPS (for selected Aggregate)",
            "type": "MetricChart"
         },
         {
            "collapsed": false,
            "config": {
               "customFilter": {
                  "excludedResources": null,
                  "filter": [],
                  "includedResources": null
               },
               "depth": 1,
               "metric": {
                  "mode": "resourceKind",
                  "resourceKindMetrics": [{
                     "colorMethod": 2,
                     "handleOldColoring": false,
                     "id": "extModel12006-1",
                     "isStringMetric": false,
                     "metricKey": "Performance|latency",
                     "metricName": "Performance|Latency",
                     "metricUnitId": "milliseconds",
                     "orangeBound": null,
                     "redBound": null,
                     "resourceKindId": "resourceKind:id:0_::_",
                     "resourceKindName": "NetApp OCUM Aggregate",
                     "unit": "ms",
                     "yellowBound": null
                  }],
                  "resourceMetrics": [],
                  "subMode": "resourceKindAll"
               },
               "refreshContent": {"refreshContent": true},
               "refreshInterval": 300,
               "relationshipMode": {"relationshipMode": 0},
               "resInteractionMode": null,
               "resource": [],
               "selfProvider": {"selfProvider": false},
               "title": "Latency (for selected Aggregate)"
            },
            "gridsterCoords": {
               "h": 5,
               "w": 4,
               "x": 5,
               "y": 10
            },
            "height": 267,
            "id": "044ee2a5-f7aa-441f-b06b-93e116ed814b",
            "states": [
               {
                  "key": "permBtn_zoomAllGraphs_permMetricChart_widget_a7a31081-d415-4220-a370-2683af045eb1_044ee2a5-f7aa-441f-b06b-93e116ed814b",
                  "value": "b%3A0"
               },
               {
                  "key": "permBtn_pan_permMetricChart_widget_a7a31081-d415-4220-a370-2683af045eb1_044ee2a5-f7aa-441f-b06b-93e116ed814b",
                  "value": "b%3A0"
               },
               {
                  "key": "permDateRange1_permMetricChart_widget_a7a31081-d415-4220-a370-2683af045eb1_044ee2a5-f7aa-441f-b06b-93e116ed814b",
                  "value": "s%3A%7B%22dateRange%22%3A%22dashboardTime%22%2C%22dateFrom%22%3Anull%2C%22dateTo%22%3Anull%2C%22timeFrom%22%3Anull%2C%22timeTo%22%3Anull%7D"
               },
               {
                  "key": "permMetricChart_widget_a7a31081-d415-4220-a370-2683af045eb1_044ee2a5-f7aa-441f-b06b-93e116ed814b",
                  "value": "o%3A"
               }
            ],
            "title": "Latency (for selected Aggregate)",
            "type": "MetricChart"
         },
         {
            "collapsed": false,
            "config": {
               "customFilter": {
                  "excludedResources": null,
                  "filter": [],
                  "includedResources": null
               },
               "depth": 1,
               "metric": {
                  "mode": "resourceKind",
                  "resourceKindMetrics": [{
                     "colorMethod": 2,
                     "handleOldColoring": false,
                     "id": "extModel13172-1",
                     "isStringMetric": false,
                     "metricKey": "Performance|throughput",
                     "metricName": "Performance|Throughput",
                     "metricUnitId": "mibyteps",
                     "orangeBound": null,
                     "redBound": null,
                     "resourceKindId": "resourceKind:id:0_::_",
                     "resourceKindName": "NetApp OCUM Aggregate",
                     "unit": "MiB/s",
                     "yellowBound": null
                  }],
                  "resourceMetrics": [],
                  "subMode": "resourceKindAll"
               },
               "refreshContent": {"refreshContent": true},
               "refreshInterval": 300,
               "relationshipMode": {"relationshipMode": 0},
               "resInteractionMode": null,
               "resource": [],
               "selfProvider": {"selfProvider": false},
               "title": "Throughput (for selected Aggregate)"
            },
            "gridsterCoords": {
               "h": 5,
               "w": 4,
               "x": 9,
               "y": 10
            },
            "height": 267,
            "id": "2ed0b69f-73ed-4011-abe3-4d75e750c110",
            "states": [
               {
                  "key": "permBtn_pan_permMetricChart_widget_a7a31081-d415-4220-a370-2683af045eb1_2ed0b69f-73ed-4011-abe3-4d75e750c110",
                  "value": "b%3A0"
               },
               {
                  "key": "permBtn_zoomAllGraphs_permMetricChart_widget_a7a31081-d415-4220-a370-2683af045eb1_2ed0b69f-73ed-4011-abe3-4d75e750c110",
                  "value": "b%3A0"
               },
               {
                  "key": "permMetricChart_widget_a7a31081-d415-4220-a370-2683af045eb1_2ed0b69f-73ed-4011-abe3-4d75e750c110",
                  "value": "o%3A"
               },
               {
                  "key": "permDateRange1_permMetricChart_widget_a7a31081-d415-4220-a370-2683af045eb1_2ed0b69f-73ed-4011-abe3-4d75e750c110",
                  "value": "s%3A%7B%22dateRange%22%3A%22dashboardTime%22%2C%22dateFrom%22%3Anull%2C%22dateTo%22%3Anull%2C%22timeFrom%22%3Anull%2C%22timeTo%22%3Anull%7D"
               }
            ],
            "title": "Throughput (for selected Aggregate)",
            "type": "MetricChart"
         },
         {
            "collapsed": false,
            "config": {
               "boxColumns": 3,
               "boxHeight": null,
               "customFilter": {
                  "excludedResources": null,
                  "filter": [],
                  "includedResources": null
               },
               "depth": 1,
               "labelSize": 16,
               "maxCellCount": 100,
               "metric": {
                  "mode": "resourceKind",
                  "resourceKindMetrics": [
                     {
                        "colorMethod": 0,
                        "handleOldColoring": false,
                        "id": "extModel14149-1",
                        "isStringMetric": false,
                        "label": "",
                        "link": "",
                        "metricKey": "Capacity|available_data",
                        "metricName": "Capacity|Available Data",
                        "metricUnitId": -1,
                        "orangeBound": 5,
                        "redBound": 1,
                        "resourceKindId": "resourceKind:id:0_::_",
                        "resourceKindName": "NetApp OCUM Aggregate",
                        "unit": "Auto",
                        "yellowBound": 10
                     },
                     {
                        "colorMethod": 0,
                        "handleOldColoring": false,
                        "id": "extModel14149-2",
                        "isStringMetric": false,
                        "label": "",
                        "link": "",
                        "metricKey": "Capacity|daily_growth_rate",
                        "metricName": "Capacity|Daily Growth Rate",
                        "metricUnitId": -1,
                        "orangeBound": 95,
                        "redBound": 99,
                        "resourceKindId": "resourceKind:id:0_::_",
                        "resourceKindName": "NetApp OCUM Aggregate",
                        "unit": "Auto",
                        "yellowBound": 90
                     },
                     {
                        "colorMethod": 0,
                        "handleOldColoring": false,
                        "id": "extModel14149-3",
                        "isStringMetric": false,
                        "label": "",
                        "link": "",
                        "metricKey": "Capacity|overcommitted_capacity",
                        "metricName": "Capacity|Overcommitted Capacity",
                        "metricUnitId": -1,
                        "orangeBound": 95,
                        "redBound": 99,
                        "resourceKindId": "resourceKind:id:0_::_",
                        "resourceKindName": "NetApp OCUM Aggregate",
                        "unit": "Auto",
                        "yellowBound": 90
                     },
                     {
                        "colorMethod": 0,
                        "handleOldColoring": false,
                        "id": "extModel14149-4",
                        "isStringMetric": false,
                        "label": "",
                        "link": "",
                        "metricKey": "Capacity|snapshot_reserve_available",
                        "metricName": "Capacity|Snapshot Reserve Available",
                        "metricUnitId": -1,
                        "orangeBound": 5,
                        "redBound": 1,
                        "resourceKindId": "resourceKind:id:0_::_",
                        "resourceKindName": "NetApp OCUM Aggregate",
                        "unit": "Auto",
                        "yellowBound": 10
                     },
                     {
                        "colorMethod": 0,
                        "handleOldColoring": false,
                        "id": "extModel14149-5",
                        "isStringMetric": false,
                        "label": "",
                        "link": "",
                        "metricKey": "Capacity|snapshot_reserve_used",
                        "metricName": "Capacity|Snapshot Reserve Used",
                        "metricUnitId": -1,
                        "orangeBound": 95,
                        "redBound": 99,
                        "resourceKindId": "resourceKind:id:0_::_",
                        "resourceKindName": "NetApp OCUM Aggregate",
                        "unit": "Auto",
                        "yellowBound": 90
                     },
                     {
                        "colorMethod": 0,
                        "handleOldColoring": false,
                        "id": "extModel14149-6",
                        "isStringMetric": false,
                        "label": "",
                        "link": "",
                        "metricKey": "Capacity|used_data",
                        "metricName": "Capacity|Used Data",
                        "metricUnitId": -1,
                        "orangeBound": 95,
                        "redBound": 99,
                        "resourceKindId": "resourceKind:id:0_::_",
                        "resourceKindName": "NetApp OCUM Aggregate",
                        "unit": "Auto",
                        "yellowBound": 90
                     }
                  ],
                  "resourceMetrics": [],
                  "subMode": "resourceKindAll"
               },
               "mode": {"layoutMode": "fixedView"},
               "oldMetricValues": false,
               "periodLength": "dashboardTime",
               "refreshContent": {"refreshContent": true},
               "refreshInterval": 300,
               "relationshipMode": {"relationshipMode": 0},
               "resInteractionMode": null,
               "resource": [],
               "roundDecimals": null,
               "selfProvider": {"selfProvider": false},
               "showDT": {"showDT": false},
               "showMetricName": {"showMetricName": true},
               "showMetricUnit": {"showMetricUnit": true},
               "showResourceName": {"showResourceName": false},
               "showSparkline": {"showSparkline": true},
               "title": "Capacity Scoreboard (for selected Aggregate)",
               "valueSize": 24,
               "visualTheme": 6
            },
            "gridsterCoords": {
               "h": 7,
               "w": 12,
               "x": 1,
               "y": 15
            },
            "height": 381,
            "id": "f0274f8a-7e73-44ee-aba7-5a39814c6192",
            "title": "Capacity Scoreboard (for selected Aggregate)",
            "type": "Scoreboard"
         }
      ]
   }],
   "entries": {
      "resource": [{
         "adapterKindKey": "NETAPPOCUM_ADAPTER",
         "identifiers": [
            {
               "key": "adapter_instance_id",
               "value": "3187"
            },
            {
               "key": "id",
               "value": "9807"
            }
         ],
         "internalId": "resource:id:0_::_",
         "name": "fas3240c-01",
         "resourceKindKey": "netapp_ocum_bm_exuno_netappocum_node"
      }],
      "resourceKind": [{
         "adapterKindKey": "NETAPPOCUM_ADAPTER",
         "internalId": "resourceKind:id:0_::_",
         "resourceKindKey": "netapp_ocum_bm_exuno_netappocum_aggregate"
      }]
   },
   "uuid": "07c70557-8b4b-480d-981a-6ba2e65976ab"
}