<?xml version="1.0" encoding="UTF-8" standalone="yes"?>
<Content>
    <Views>
        <ViewDef id="183bba6d-6900-4734-a459-fff6fda4c38e">
            <Title>NetApp FAS/AFF Aggregate Details</Title>
            <Description>NetApp FAS/AFF Aggregate Details</Description>
            <SubjectType adapterKind="NETAPPOCUM_ADAPTER" resourceKind="netapp_ocum_bm_exuno_netappocum_aggregate" type="descendant"/>
            <SubjectType adapterKind="NETAPPOCUM_ADAPTER" resourceKind="netapp_ocum_bm_exuno_netappocum_aggregate" type="self"/>
            <Usage>dashboard</Usage>
            <Usage>report</Usage>
            <Usage>details</Usage>
            <Usage>content</Usage>
            <Controls>
                <Control id="time-interval-selector_id_398" type="time-interval-selector" visible="false">
                    <Property name="advancedTimeMode" value="false"/>
                    <Property name="unit" value="DAYS"/>
                    <Property name="count" value="7"/>
                </Control>
                <Control id="attributes-selector_id_399" type="attributes-selector" visible="false">
                    <Property name="attributeInfos">
                        <List>
                            <Item>
<Value>
    <Property name="objectType" value="RESOURCE"/>
    <Property name="attributeKey" value="badge|health"/>
    <Property name="preferredUnitId" value="percent"/>
    <Property name="isStringAttribute" value="false"/>
    <Property name="adapterKind" value="NETAPPOCUM_ADAPTER"/>
    <Property name="resourceKind" value="netapp_ocum_bm_exuno_netappocum_aggregate"/>
    <Property name="rollUpType" value="NONE"/>
    <Property name="rollUpCount" value="0"/>
    <Property name="transformations">
        <List>
            <Item value="CURRENT"/>
        </List>
    </Property>
    <Property name="isProperty" value="false"/>
    <Property name="yellowBound" value="75"/>
    <Property name="orangeBound" value="50"/>
    <Property name="redBound" value="25"/>
    <Property name="ascendingRange" value="true"/>
    <Property name="displayName" value="Health"/>
    <Property name="addTimestampAsColumn" value="false"/>
    <Property name="isShowRelativeTimestamp" value="false"/>
</Value>
                            </Item>
                            <Item>
<Value>
    <Property name="objectType" value="RESOURCE"/>
    <Property name="attributeKey" value="Status|state"/>
    <Property name="isStringAttribute" value="true"/>
    <Property name="adapterKind" value="NETAPPOCUM_ADAPTER"/>
    <Property name="resourceKind" value="netapp_ocum_bm_exuno_netappocum_aggregate"/>
    <Property name="rollUpCount" value="0"/>
    <Property name="transformations">
        <List>
            <Item value="CURRENT"/>
        </List>
    </Property>
    <Property name="isProperty" value="false"/>
    <Property name="orangeBound" value="restricted"/>
    <Property name="redBound" value="offline"/>
    <Property name="ascendingRange" value="true"/>
    <Property name="displayName" value="State"/>
    <Property name="addTimestampAsColumn" value="false"/>
    <Property name="isShowRelativeTimestamp" value="false"/>
</Value>
                            </Item>
                            <Item>
<Value>
    <Property name="objectType" value="RESOURCE"/>
    <Property name="attributeKey" value="Status|status"/>
    <Property name="isStringAttribute" value="true"/>
    <Property name="adapterKind" value="NETAPPOCUM_ADAPTER"/>
    <Property name="resourceKind" value="netapp_ocum_bm_exuno_netappocum_aggregate"/>
    <Property name="rollUpCount" value="0"/>
    <Property name="transformations">
        <List>
            <Item value="CURRENT"/>
        </List>
    </Property>
    <Property name="isProperty" value="false"/>
    <Property name="yellowBound" value="?"/>
    <Property name="orangeBound" value="DEGRADED"/>
    <Property name="redBound" value="ERROR"/>
    <Property name="ascendingRange" value="true"/>
    <Property name="displayName" value="Status"/>
    <Property name="addTimestampAsColumn" value="false"/>
    <Property name="isShowRelativeTimestamp" value="false"/>
</Value>
                            </Item>
                        </List>
                    </Property>
                </Control>
                <Control id="pagination-control_id_400" type="pagination-control" visible="true">
                    <Property name="start" value="0"/>
                    <Property name="size" value="100"/>
                </Control>
                <Control id="metadata_id_401" type="metadata" visible="false">
                    <Property name="maxPointsCount" value="5000"/>
                    <Property name="hideObjectNameColumn" value="false"/>
                    <Property name="listTopResultSize" value="-1"/>
                </Control>
            </Controls>
            <DataProviders>
                <DataProvider dataType="list-view" id="list-view_id_397"/>
            </DataProviders>
            <Presentation type="list"/>
        </ViewDef>
    </Views>
</Content>
